{
    "parent": "builtin/generated",
    "textures": {
        "layer0": "items/fireworks_charge",
        "layer1": "items/fireworks_charge_overlay"
    },
    "display": {
        "thirdperson": {
            "rotation": [ 0, 90, -90 ],
            "translation": [ 0, 1.5, -1.4 ],
            "scale": [ 0.25, 0.25, 0.25 ]
        },
        "firstperson": {
            "rotation": [ 0, -135, 25 ],
            "translation": [ 0, 4, 2 ],
            "scale": [ 1.7, 1.7, 1.7 ]
        }
    }
}
