{
    "parent": "builtin/generated",
    "textures": {
        "layer0": "items/dye_powder_gray"
    },
    "display": {
        "thirdperson": {
            "rotation": [ 0, 90, -45 ],
            "translation": [ 0, 2.4, -2.8 ],
            "scale": [ 0.85, 0.85, 0.85 ]
        },
        "firstperson": {
            "rotation": [ 0, -135, 25 ],
            "translation": [ 0, 4, 2 ],
            "scale": [ 1.7, 1.7, 1.7 ]
        }
    },
    "_comment_": "Mr Gray Will See You Now"
}
