{
"__comment": "Designed by Husono with BDcraft Cubik PRO 0.93 Beta - http://bdcraft.net",
"textures": {
    "particle": "blocks/wooden_button",
    "texture": "blocks/wooden_button"
},
"elements": [ 
{
    "from": [ 5, 0, 6 ],
    "to": [ 11, 1, 10 ],
    "faces": {
        "down":  { "uv": [ 11, 10, 5, 6 ], "texture": "#texture" },
        "up":    { "uv": [ 5, 6, 11, 10 ], "texture": "#texture" },
        "north": { "uv": [ 5, 14, 11, 15 ], "texture": "#texture" },
        "south": { "uv": [ 5, 14, 11, 15 ], "texture": "#texture" },
        "west":  { "uv": [ 5, 14, 9, 15 ], "texture": "#texture" },
        "east":  { "uv": [ 7, 14, 11, 15 ], "texture": "#texture" }
    }
}
]
}